id,name,city,phone,email,postal,age,segment
202107240000,Zahir Gilbert,Manchester,07165 050719,Morbi.neque.tellus@Curabiturdictum.co.uk,CH8 7UP,51,investor
202107240001,Ethan Carney,Manchester,01188 254134,condimentum.Donec.at@Aliquam.edu,NN6 9XW,26,student
202107240002,Wyatt Bolton,Manchester,056 8739 5946,semper@Pellentesque.net,OL9 0NS,31,student
202107240003,Branden Beasley,Cambridge,056 1144 1214,eget@orcisemeget.org,BR3 1LT,57,employee
202107240004,Ciaran Howe,Edinburgh,055 6020 8012,auctor.quis.tristique@vulputaterisus.ca,BA12 8NR,59,student
202107240005,Moses Gibbs,Edinburgh,0396 580 5001,ut.sem.Nulla@imperdiet.com,SR5 5PT,43,employee
202107240006,Matthew Campbell,Edinburgh,0939 554 3364,velit.Aliquam@penatibusetmagnis.com,G75 8YR,37,manager
202107240007,Dustin Ayala,Edinburgh,016977 6819,in.consectetuer.ipsum@idrisus.com,NN12 8AA,33,investor
202107240008,Keane Avery,Manchester,056 5529 6768,nulla@Quisquenonummyipsum.edu,YO43 3QE,44,employee
202107240009,Branden Evans,Manchester,0151 140 1358,lectus.pede.ultrices@vulputate.edu,SY13 4HB,43,manager
202107240010,Gabriel Strong,Cambridge,070 3102 4745,molestie.arcu.Sed@arcueuodio.net,RH10 8EZ,31,manager
202107240011,Zahir Gutierrez,Leeds,0962 036 3493,cursus.luctus@enim.edu,NE20 9TF,20,student
202107240012,Aristotle Sanchez,Cambridge,024 6052 7690,amet.dapibus@erat.com,DL6 2AS,26,student
202107240013,Amir Ellison,Cambridge,07800 185004,nisi.sem@tellus.ca,PO22 0JT,58,student
202107240014,Anthony Manning,London,076 5621 0229,tincidunt@ametdapibusid.net,PR1 6TL,36,manager
202107240015,Emmanuel Perez,London,0800 1111,lectus@sapiencursus.com,LS24 9UA,39,student
202107240016,Hu Hickman,Cambridge,016977 7624,leo.Vivamus@seddui.co.uk,M25 1JB,38,investor
202107240017,Kennedy Mcintyre,Manchester,0800 301848,Donec@estmollisnon.co.uk,SW14 8JZ,51,employee
202107240018,Lucius Reilly,Cambridge,0903 680 9079,Suspendisse@eratnonummy.net,NE6 2RX,22,student
202107240019,Timon Hewitt,Edinburgh,023 2060 6267,dictum@et.net,LL62 5HD,23,investor
202107240020,Jermaine Stafford,Edinburgh,0500 039748,Donec.tempor.est@lobortismaurisSuspendisse.com,G78 3AB,31,investor
202107240021,Rigel Holland,Manchester,070 4932 9968,in.dolor.Fusce@Fusce.net,AB43 6RD,39,manager
202107240022,Len Padilla,London,0500 071968,Proin.mi.Aliquam@tempus.com,CM20 2HT,46,student
202107240023,Raymond Carson,London,07624 010571,sagittis@eratvitaerisus.org,BB12 7RY,39,employee
202107240024,Leroy Garza,Edinburgh,056 3546 2735,malesuada.fames@Nulladignissim.com,G72 0RZ,37,manager
202107240025,Grady Santos,London,07669 822497,Curae.Phasellus@tellus.com,YO26 8DA,57,manager
202107240026,Jared Noel,Manchester,055 7400 7408,luctus.et.ultrices@scelerisqueloremipsum.edu,E16 3DP,26,investor
202107240027,Bruce Frazier,London,0119 176 2196,arcu@elementum.org,CT15 4HH,42,investor
202107240028,Benjamin Holder,Cambridge,0887 282 6116,lacus.Quisque.imperdiet@Morbineque.edu,CV6 5RS,41,student
202107240029,William Anthony,Edinburgh,029 0684 4286,et.malesuada@per.net,BR3 6SX,38,student
202107240030,Stone Avila,Cambridge,0191 378 9636,taciti.sociosqu@duiCras.com,KT15 3NW,52,employee
202107240031,Palmer Russo,Manchester,0845 46 44,ridiculus.mus@non.co.uk,WV5 0BB,30,employee
202107240032,Orson Gill,Manchester,0923 181 2328,diam@eget.ca,BA14 9JB,58,student
202107240033,Wallace Carver,Edinburgh,0191 790 4175,habitant.morbi.tristique@auctornonfeugiat.org,KY16 9EE,33,investor
202107240034,Honorato Holman,Leeds,0845 46 47,Fusce.diam.nunc@nuncidenim.co.uk,EX1 3SF,41,manager
202107240035,Nero Barton,Edinburgh,0800 632309,ut.molestie@malesuada.net,NP20 3DE,40,student
202107240036,Hedley Sykes,London,0800 657609,imperdiet.nec@nonlorem.com,KT18 6PZ,53,employee
202107240037,Clayton Hayden,Cambridge,0800 954 1947,ut.odio.vel@temporestac.com,PE30 1QE,37,investor
202107240038,Ulric Padilla,Leeds,01067 19653,adipiscing@Curabiturconsequat.net,EH42 1SJ,31,student
202107240039,Nolan Valencia,Cambridge,0922 462 1921,ac.turpis@Duisdignissimtempor.net,EC1Y 8RT,20,employee
202107240040,Arden Tate,London,0814 947 7817,justo.sit@Quisque.com,M20 1JG,34,student
202107240041,Brian Marshall,Manchester,023 8804 8958,egestas.a.scelerisque@sagittisfelisDonec.ca,SK3 9RD,53,manager
202107240042,Alden Jones,Edinburgh,07624 136335,mauris.eu@rutrum.ca,BS6 5SR,20,manager
202107240043,Baker Cohen,Cambridge,0399 850 7188,vitae.mauris@ipsum.edu,FY2 0TD,55,investor
202107240044,Cade Madden,Manchester,016977 3177,turpis.Aliquam@tellusimperdietnon.com,ST4 1EB,41,manager
202107240045,Baxter Reeves,Cambridge,0845 46 43,eget@adipiscingligulaAenean.org,LE5 5RE,25,employee
202107240046,Tiger Blankenship,Edinburgh,016977 0216,dapibus.gravida.Aliquam@imperdietullamcorper.net,LS10 1SJ,32,manager
202107240047,Walker Sandoval,Edinburgh,015086 32172,viverra.Donec.tempus@venenatisvelfaucibus.edu,LL18 6DH,42,employee
202107240048,Orlando Wolf,Manchester,01965 97047,ante.blandit@sapienAeneanmassa.org,KT11 2HT,32,manager
202107240049,Leroy Douglas,Edinburgh,0992 985 2147,nec@Proinvel.com,LU7 2NZ,24,student
202107240050,Kieran Bradley,Leeds,0845 46 41,id@suscipit.com,DH5 0PH,46,manager
202107240051,Carl Hinton,Edinburgh,0845 46 49,Suspendisse.aliquet.molestie@rutrum.co.uk,B36 8JE,46,employee
202107240052,Abraham Lloyd,Edinburgh,055 3421 6957,et@neccursusa.net,S40 4LW,24,investor
202107240053,Marvin Brewer,Cambridge,0800 378 9148,vitae@euismodac.ca,CO16 9LZ,31,employee
202107240054,Nasim Britt,London,07624 996577,vel.nisl@auctorodio.co.uk,HU11 4QA,29,employee
202107240055,Burke Burnett,Manchester,0845 46 49,vel.faucibus@blanditmattis.co.uk,ML5 4LJ,46,employee
202107240056,Howard Moran,Cambridge,07624 262344,morbi@vitae.edu,RG1 5EX,49,manager
202107240057,Raja English,Edinburgh,0500 267783,ante.blandit.viverra@habitantmorbi.ca,SM4 5PY,49,student
202107240058,Nolan Bray,Cambridge,0351 293 8552,erat@Phasellus.com,E9 7NG,57,investor
202107240059,Gil Wiley,London,0334 227 1279,orci.Phasellus@enim.net,DN1 2TU,50,student
202107240060,Calvin Love,Edinburgh,012084 99389,sagittis@ligulaeuenim.ca,GU18 5YQ,32,student
202107240061,Rashad Calhoun,Cambridge,0330 204 5037,arcu.Nunc.mauris@molestietellus.ca,FY8 3TF,24,investor
202107240062,Russell Gates,Edinburgh,016977 8273,mauris@esttemporbibendum.co.uk,B73 6HH,44,employee
202107240063,Alvin Howard,Edinburgh,01939 05053,tortor@Aliquam.ca,IP18 6PE,56,manager
202107240064,Uriah Adkins,London,0800 152756,Phasellus.dapibus@noncursusnon.net,NG11 6JT,59,employee
202107240065,Thane Dominguez,Edinburgh,029 3888 4183,ac.orci.Ut@vulputateeu.ca,OX13 5AW,-1,manager
202107240066,Justin Ayers,Manchester,07624 047306,fringilla.ornare.placerat@magna.net,S2 1HP,29,student
202107240067,Nehru Nieves,Manchester,0961 164 6276,orci.quis@estmauris.co.uk,WD7 9AQ,21,employee
202107240068,Ferris Mckenzie,Manchester,01669 32898,tristique@vitae.ca,WF8 3YR,25,manager
202107240069,Yuli Page,Leeds,01435 436382,posuere@adipiscinglacus.ca,ML4 3EJ,42,manager
202107240070,Walker Rodriguez,Manchester,07936 545418,est.tempor@venenatis.com,CF62 3HN,41,manager
202107240071,Nehru Logan,Cambridge,076 9324 3013,Lorem@orciconsectetuereuismod.net,HP2 7BD,34,investor
202107240072,Dane Hawkins,Edinburgh,027 7742 5369,parturient.montes.nascetur@tellussem.co.uk,M22 4ZB,32,student
202107240073,Linus Hurley,Leeds,010304 72651,Sed.molestie.Sed@eget.co.uk,FK16 6DU,53,employee
202107240074,Ian Norton,Manchester,0800 878188,Integer.mollis@Maecenasornare.net,NE11 0AN,38,manager
202107240075,Russell Sheppard,Leeds,070 7954 3179,adipiscing@esttempor.net,WR9 7NS,52,student
202107240076,Driscoll Turner,Edinburgh,027 2022 0076,rhoncus.id.mollis@nequeNullamut.edu,DE13 0DH,58,student
202107240077,Jackson Riggs,Leeds,0800 940048,Nunc@mattisIntegereu.org,KT15 2NL,32,student
202107240078,Matthew Johns,Manchester,055 3002 6574,elit.pellentesque.a@ligulaAliquam.edu,DH2 2JZ,28,investor
202107240079,Dominic Alford,London,0944 631 0260,neque@velarcu.edu,WA2 9QB,58,employee
202107240080,Ethan Bartlett,Edinburgh,07624 491283,eget@perinceptoshymenaeos.ca,BA20 2EJ,45,manager
202107240081,Garth Larsen,Leeds,0171 206 2286,erat@risusDuisa.ca,TW15 2AJ,31,employee
202107240082,Magee Cohen,Edinburgh,0800 340005,at.auctor@magnaNam.edu,BN3 6NS,44,student
202107240083,Garrett Knight,London,0111 452 2430,posuere.cubilia@rhoncus.net,BB5 5TJ,40,employee
202107240084,Kermit Rhodes,Leeds,023 2447 1212,Vestibulum.ut.eros@malesuada.co.uk,HA3 6TH,56,investor
202107240085,Clarke Yates,Leeds,055 3376 4856,nonummy.ut.molestie@quis.co.uk,LS15 0PQ,30,student
202107240086,Harper Sanchez,Edinburgh,056 2397 3919,luctus.aliquet.odio@eunullaat.com,WS5 4SU,59,student
202107240087,Louis Lott,Cambridge,0800 036508,a.malesuada.id@idenim.net,BB5 2EY,57,student
202107240088,Micah Tyson,Edinburgh,0800 296 6954,ac.risus.Morbi@Nullamvelit.edu,PL17 8AR,27,manager
202107240089,Rafael Wade,Leeds,055 1522 6415,luctus@Nulla.co.uk,HP16 0DH,26,employee
202107240090,Conan Maddox,Leeds,07624 968777,Cras.lorem@Aliquamvulputateullamcorper.org,BL2 2SU,41,employee
202107240091,Lester Velez,Cambridge,0800 480 5452,Morbi.neque@a.ca,HP4 2AF,21,employee
202107240092,Louis Underwood,Edinburgh,0800 162 7575,eu@amet.co.uk,GL52 3BY,31,student
202107240093,Leo Ross,Edinburgh,070 3760 4170,posuere.enim.nisl@luctussit.co.uk,N2 9JL,37,employee
202107240094,Howard Richards,London,056 2149 5064,amet.risus@dolor.ca,W2 3JT,58,student
202107240095,Gabriel Briggs,Cambridge,07624 481594,facilisis@idblandit.com,ME9 8UJ,59,investor
202107240096,Carson Reyes,Manchester,0111 960 4843,eleifend.nec@mifringillami.net,G40 4BH,26,investor
202107240097,Walter Shepard,Edinburgh,028 6516 5351,nascetur.ridiculus@dolor.com,BD15 0NJ,55,investor
202107240098,Moses Blanchard,London,0800 1111,augue.porttitor@pedeCrasvulputate.co.uk,CF40 2JJ,23,employee
202107240099,Chaim Parsons,Cambridge,016977 8925,adipiscing.Mauris.molestie@interdum.ca,FK10 2LA,49,manager