name,company_name,address,county,postal,email,web,phone,age
Aleshia Tomkiewicz,Alan D Rosenburg Cpa Pc,14 Taylor St,Kent,CT2 7PP,atomkiewicz@hotmail.com,,01944-369967,
Evan Zigomalas,Cap Gemini America,5 Binney St,Buckinghamshire,HP11 2AX,evan.zigomalas@gmail.com,,01937-864715,59
France Andrade,"Elliott, John W Esq",8 Moor Place,Bournemouth,BH6 3BE,france.andrade@hotmail.com,,01347-368222,49
,"Mcmahan, Ben L",505 Exeter Rd,Lincolnshire,DN36 5RP,ulysses@hotmail.com,,"01912-771311,01302-601380",50
Tyisha Veness,Champagne Room,5396 Forth Street,West Midlands,B70 9DT,tyisha.veness@hotmail.com,,01547-429341,48
Eric Rampy,"Thompson, Michael C Esq",9472 Lind St,Northamptonshire,NN14 2GH,erampy@rampy.co.uk,,"01969-886290,01545-817375",51
Marg Grasmick,Wrangle Hill Auto Auct & Slvg,7457 Cowl St #70,Southampton,SO14 3TY,marg@hotmail.com,,01865-582516,40
Laquita Hisaw,In Communications Inc,20 Gloucester Pl #96,Tyne & Wear,NE29 7AD,laquita@yahoo.com,,01746-394243,25
Lura Manzella,Bizerba Usa Inc,929 Augustine St,South Gloucestershire,BS16 4LL,lura@hotmail.com,http://www.bizerbausainc.co.uk,01907-538509,53
Yuette Klapec,Max Video,45 Bradfield St #166,Derbyshire,DE6 1QN,yuette.klapec@klapec.co.uk,http://www.maxvideo.co.uk,01903-649460,38
,K & R Associates Inc,620 Northampton St,Kent,DA2 7PP,fernanda@writer.co.uk,,01630-202053,40
,"Cain, John M Esq",5 Hygeia St,Derbyshire,S40 4LY,charlesetta_erm@gmail.com,,01276-816806,34
,Sound Vision Corp,2150 Morley St,Dumfries and Galloway,DG8 7DE,corrinne_jaret@gmail.com,http://www.soundvisioncorp.co.uk,01625-932209,27
Niesha Bruch,Rowley/hansell Petetin,24 Bolton St,West Lothian,EH52 5TL,niesha.bruch@yahoo.com,,"01874-856950,01342-793603",57
Rueben Gastellum,Industrial Engineering Assocs,4 Forrest St,North Somerset,BS23 3HG,rueben_gastellum@gastellum.co.uk,,01976-755279,51
,Weiss Spirt & Guyer,89 Noon St,Norfolk,IP25 6JQ,mthrossell@throssell.co.uk,,01967-580851,45
Edgar Kanne,"Crowan, Kenneth W Esq",99 Guthrie St,Hampshire,BH25 5DF,edgar.kanne@yahoo.com,,01326-532337,36
Dewitt Julio,Rittenhouse Motor Co,7 Richmond St,Devon,EX39 5DJ,dewitt.julio@hotmail.com,,"01253-528327,01241-964675",52
Charisse Spinello,Modern Plastics Corp,9165 Primrose St,"Yorkshire, South",S4 7WN,charisse_spinello@spinello.co.uk,http://www.modernplasticscorp.co.uk,01719-831436,41
Mee Lapinski,Galloway Electric Co Inc,9 Pengwern St,Devon,TQ3 1SA,mee.lapinski@yahoo.com,,01578-287816,37
,Niagara Custombuilt Mfg Co,4410 Tarlton St,Denbighshire,LL19 9EG,peter_gutierres@yahoo.com,,01842-767201,38
Octavio Salvadore,Practical Periphrals,6949 Bourne St,West Midlands,DY5 2QP,octavio.salvadore@yahoo.com,http://www.practicalperiphrals.co.uk,01552-709248,29
Martha Teplica,"Curtin, Patricia M Esq",148 Rembrandt St,Surrey,CR6 9SW,mteplica@teplica.co.uk,,01677-684257,
Tamesha Veigel,"Wilhelm, James E Jr",2200 Nelson St #58,Isle of Wight,PO30 5AL,tveigel@veigel.co.uk,,01217-342071,42
,Smart Signs,61 Rossett St,West Sussex,PO19 1RH,tess_sitra@hotmail.com,http://www.smartsigns.co.uk,"01473-229124,01848-116775",55
Leonard Kufner,Arctic Star Distributing Inc,41 Canning St,Western Isles,HS1 2PZ,lkufner@kufner.co.uk,,01230-623547,22
Svetlana Tauras,"Lensbower, Gregory L Esq",8289 Cadogan St,North Eart Lincolnshire,DN33 1AU,svetlana_tauras@tauras.co.uk,,01781-827317,-1
,Portal Metal Products,211 Hobart St,Cornwall,TR7 1LS,pok@yahoo.com,http://www.portalmetalproducts.co.uk,01866-248660,53
Augustine Growcock,"Lynema, Cliff Cpa",114 Falkland St #8845,Berkshire,RG7 4RF,augustine.growcock@growcock.co.uk,,01541-802635,31
Karma Quarto,J C S Machinery,1 Birkett St,West Midlands,B33 0NH,kquarto@gmail.com,,"01857-864722,01307-667811",45
Reed Weisinger,"Berick, Joseph G Esq",5147 Blackstone St,Hertfordshire,SG6 3LE,reed_weisinger@yahoo.com,http://www.berickjosephgesq.co.uk,01243-678286,26
,Jackson & Heit Machine Co Inc,7 Shenstone St,"Yorkshire, East (North Humbers",HU8 9PZ,german@hotmail.com,,"01400-269033,01366-210656",50
Milly Savidge,Bridgeway Plan For Health,129 Alexander Pope St,Hereford and Worcester,DY11 9BW,milly@gmail.com,,01702-725589,48
Luis Ear,Wa Inst For Plcy Studies,2 Birchfield Rd,Shropshire,SY11 4PH,luis@hotmail.com,,01462-648669,34
,Wmgl 101.7 Fm,7523 Kempton Rd,Darlington,DL3 0JF,ciara_cobbley@hotmail.com,http://www.wmglfm.co.uk,"01235-647932,01809-443217",22
Alethea Mould,"Hughlett, Henry T Jr",6305 Elstow St,West Sussex,BN12 6PR,alethea@hotmail.com,,01662-114247,58
Margurite Loperfido,Penrose Place Pharmacy Inc,218 Greenbank Drive,Wiltshire,SN10 3DU,mloperfido@gmail.com,http://www.penroseplacepharmacyinc.co.uk,01407-866759,37
,"Novak, Alan Paul Esq",8921 Forge St,Buckinghamshire,SL3 0PY,vernice@yahoo.com,http://www.novakalanpaulesq.co.uk,01822-563044,55
,B & S Tool And Cutter Svc Inc,3060 St Ambrose Grove #261,West Midlands,WS9 8UR,vicente_rawicki@hotmail.com,,01327-770774,47
,"Berry, John M Esq",8388 Bessemer St #5,Greater London,SW15 2RP,craig@hotmail.com,http://www.berryjohnmesq.co.uk,01483-418969,51
,"Alden, Michael H Esq",87 Pownall Sq,Cambridgeshire,CB22 3BB,jenise.dulle@hotmail.com,,"01709-854691,01572-193368",50
Marylin Cornelison,Ernest E Heuer & Company Pc,39 Wye St,West Yorkshire,WF1 1DR,marylin_cornelison@yahoo.com,http://www.ernesteheuercompanypc.co.uk,01609-882184,27
Marget Gunst,"Frankel, Stephen",2732 Bostock St #1,Cornwall,TR9 6NJ,mgunst@yahoo.com,,01693-310794,34
,Guynes Design Inc,5562 Fairfield St #847,Isle of Wight,PO33 1HH,abunselmeyer@hotmail.com,,"01891-702579,01333-972244",38
Kip Turziano,General Appraisal Co,37 Meadow St,Essex,SS15 6LE,kip.turziano@yahoo.com,,"01850-347846,01222-164469",39
Melina Orizabal,Sheraton Inn Ocean Front,3 Nevison St,Hampshire,SO41 1DL,melina@gmail.com,,01420-307327,21
,Cooper Myers Y Co,5662 William Moult St,Buckinghamshire,HP21 8PP,tclapham@gmail.com,,01567-296442,41
Luisa Devereux,Cash 4 Checks,3 North View #35,West Yorkshire,LS9 7JH,ldevereux@gmail.com,,"01607-269930,01334-807355",
Pedro Aschoff,Charlotte Chamber,135 Opie St,Derbyshire,SK13 8BB,paschoff@yahoo.com,,01386-981141,49
Carrol Kunimitsu,Kisc 98 Kiss Fm,1 Askew St,Surrey,GU9 9AS,carrol_kunimitsu@yahoo.com,,01260-641258,47
Alba Mosseri,"Schwartzbard, Gail L Esq",4 Burnall St,Nottinghamshire,NG9 1AE,alba@gmail.com,,01543-198690,56
Domonique Sandlin,Marketing Horizons Inc,95 Denton St,Nottinghamshire,NG8 2NB,domonique@hotmail.com,http://www.marketinghorizonsinc.co.uk,01355-500797,49
Rory Neufville,"Brady, Brad J Esq",5 Chadwick St #7,Ceredigion,SA44 5HF,rory_neufville@neufville.co.uk,,01252-621329,34
,Welders Supply,67 Micawber St,Greater London,SE14 6RQ,dklingaman@gmail.com,,"01712-135466,01523-775781",58
Lyndia Moonshower,Bomarko Inc,43 Williamson St #7995,East Sussex,BN20 7HB,lyndia_moonshower@moonshower.co.uk,,01469-300335,36
,"Benitez, Brigida Esq",5 Howe St,West Lothian,EH52 6NF,jules@yahoo.com,,01428-343825,33
Dong Kopczynski,Kennedy Scales Inc,7 Cheapside #9,Cornwall,PL14 5PA,dkopczynski@kopczynski.co.uk,http://www.kennedyscalesinc.co.uk,"01770-129032,01639-518104",56
Justine Salta,Barajas & Bustamante Archl,85 Bridgewater St,West Midlands,B34 7BP,justine_salta@yahoo.com,,01689-253476,34
,Brewster Wallcoverings Co,763 Parkfield Rd,Staffordshire,WS11 9RH,ckamens@hotmail.com,,"01823-383806,01245-146126",23
Tequila Chisum,Bohs Well Drilling Inc,662 Grove Park,Nottinghamshire,NG6 8RG,tequila.chisum@chisum.co.uk,http://www.bohswelldrillinginc.co.uk,"01835-634521,01702-946496",38
Maybelle Consolazio,"Gavin, Lee W Esq",5410 Lawton St,Rhondda Cynon Taff,CF42 6PL,mconsolazio@yahoo.com,http://www.gavinleewesq.co.uk,01383-647035,51
Margarett Bairo,"Reid, Carleton B Esq",3 August Rd,Surrey,GU21 5QL,margarett@gmail.com,,01670-813697,27
Janessa Noonon,"Canterbury, Christopher C",476 Starkie St,Gloucestershire,GL1 1QW,jnoonon@yahoo.com,,"01472-324699,01841-979075",38
Sol Cowser,Omni Mandalay,6448 Tillard St,South Yorkshire,DN12 4JF,sol@gmail.com,,01412-528394,25
,Lba Savings Bank,3055 Creswick St,Warwickshire,CV21 1LN,louann@gmail.com,,01670-234959,47
Lindsay Yadao,"Lutz, Christopher T Esq",7 Jolliffe St,Cheshire,CW10 9GB,lindsay_yadao@yadao.co.uk,,01947-566661,39
Malika Hanton,Association Of Art Museum Dir,1175 Greig St,Greater Manchester,M25 0ZN,malika@gmail.com,http://www.associationofartmuseumdir.co.uk,01532-497454,33
Stefany Ferenz,L & L Sales Co Inc,636 Portland Place,Middlesbrough,TS1 4RG,stefany@hotmail.com,http://www.llsalescoinc.co.uk,01743-977277,29
Abraham Cratch,"Cavuto, John A",41 Benedict St,Greater London,IG2 7QG,acratch@gmail.com,,01599-245408,42
Giuseppe Rohaley,Pacific Coast Packaging,62 Margaret St,Greater London,SW3 4ND,giuseppe@yahoo.com,,"01345-400452,01866-845669",46
Kiera Bassil,Storm Eye Institute,5152 Sophia St,South Gloucestershire,BS15 8DS,kbassil@bassil.co.uk,,01655-519837,57
,Automation Engrg & Mfg Inc,1 Back Canning St,Stirling,FK9 4LD,wendell_rubano@hotmail.com,http://www.automationengrgmfginc.co.uk,01837-530939,37
Stevie Stifflemire,Packaging Corp Of America,9 Gradwell St,Hampshire,RG22 5HA,stevie_stifflemire@stifflemire.co.uk,,01262-808399,26
,"Goe, Douglas E Esq",9205 Upper Hill St,West Yorkshire,LS1 5QE,yun_paletta@paletta.co.uk,http://www.goedouglaseesq.co.uk,"01350-332706,01374-255198",53
,Burgess Steel Products Corp,9 Horatio St,Kent,TN26 2PN,bthurm@yahoo.com,,01686-306597,45
Billy Venus,Tipton & Hurst,61 Miriam St,Greater London,NW8 9BD,billy.venus@yahoo.com,,01537-356648,48
,A O Hardee & Son Inc,67 Pulford St,Essex,SS2 6NL,brynn@yahoo.com,,01388-416867,23
,"Jonson, Geo D Esq",821 Pembroke Place,Cumbria,CA17 4RZ,epiehler@piehler.co.uk,,01589-654152,32
Anisha Shulick,Dale Yoder Clu Life Hlth & Bus,3 Alder St,Stoke-on-Trent,ST2 9AW,ashulick@yahoo.com,,01780-704167,50
Bettina Kham,Council Of Cmnty Blood Ctrs,80 Morecambe St,County Durham,DL14 6NG,bettina.kham@kham.co.uk,,01355-192668,53
,"Tremont, Michael A Esq",7866 Renshaw St #283,Cornwall,TR11 4QQ,velda_mancilla@mancilla.co.uk,,01823-526645,37
Marta Brace,"Trautman, Eileen Esq",658 Lake St,Wiltshire,SN16 0XZ,marta.brace@brace.co.uk,http://www.trautmaneileenesq.co.uk,01777-469402,52
Juan Vanwyhe,Office Service Co,5382 Redfern St,Greater London,W1J 0QH,juan_vanwyhe@gmail.com,http://www.officeserviceco.co.uk,01961-642757,53
Lelia Filion,Alphabetland Pre School Center,45 Bidder St #38,Greater London,EN1 3HT,lelia.filion@filion.co.uk,http://www.alphabetlandpreschoolcenter.co.uk,01367-136951,35
,Shamrock Food Service,6766 Britton St #379,Greater Manchester,BL1 3EX,ufrankel@hotmail.com,,01912-749219,55
Eva Joulwan,Central Hrdwr & Elec Corp,7 Lear Rd,Hampshire,GU32 3PQ,eva.joulwan@gmail.com,,01779-720349,31
,Matt Parrott & Sons Co,2577 Toxteth St #5,Lancashire,BB6 7UN,mammie_dormanen@hotmail.com,,01527-579687,29
,Tiny Tots Originals Div,761 Cockerell St #1,Derbyshire,DE11 0HE,jeannetta_coolidge@gmail.com,http://www.tinytotsoriginalsdiv.co.uk,01927-790069,47
,"Lovitch, Alan F",9 Cypress St,Tyne and Wear,NE38 9AQ,edrawe@drawe.co.uk,http://www.lovitchalanf.co.uk,"01753-784273,01496-526674",45
Lenny Gazzola,Wise Industries,6 Romilly St,Tyne and Wear,NE6 4YH,lenny.gazzola@yahoo.com,http://www.wiseindustries.co.uk,01312-233253,25
Mira Alpheaus,East County Process,51 St Anne St #12,Berkshire,RG7 3RA,mira.alpheaus@yahoo.com,,"01241-273991,01381-836777",53
Cathern Ungar,Agopgee Enterprises Inc,823 Idris St,Nottinghamshire,NG16 5LG,cathern.ungar@ungar.co.uk,,01898-134749,27
Malcom Fleckles,L Winik & Associates Inc,8764 Nickleby St #877,Glasgow City,G51 1BQ,malcom.fleckles@gmail.com,,01478-110943,52
Monroe Damato,"Rosati, Marc D Esq",5344 Bengel St #5,Greater London,E14 5DR,mdamato@damato.co.uk,,01402-733903,20
Leota Fletchen,Rust Evader Corp,8880 Great Howard St #7750,Merseyside,L29 7WD,lfletchen@gmail.com,,01358-446391,51
,Budget Annex,9 Oakleigh,West Sussex,BN15 9BN,berry@gmail.com,,01448-211489,51
Meghan Riherd,Kiqo Pure Gold Oldies 104 Fm,83 Denbigh St Bootle,Cornwall,TR3 7AZ,meghan@riherd.co.uk,,01462-474800,51
Mike Torner,Segall Majestic Inc,30 Aughton St,Aberdeenshire,AB24 2RR,mike_torner@torner.co.uk,,01240-600327,-
Elsa Delisle,Taos Valley Resort Assn,260 Saxon St,Greater Manchester,M33 4BP,elsa_delisle@gmail.com,,01537-525550,38
Linwood Rosenlof,Exhibit Crafts Inc,3 Pyramid St,Merseyside,WA10 3BW,linwood.rosenlof@yahoo.com,,"01546-942059,01244-769346",48
Latosha Alexy,"Laitinen, Stephen B Esq",37 Langham St #948,Surrey,KT13 0AZ,latosha@yahoo.com,,"01704-508066,01662-268374",31
Alexia Meenan,Herr Foods Inc,94 Villars St,Cornwall,EX23 9LG,alexia.meenan@meenan.co.uk,http://www.herrfoodsinc.co.uk,01560-328739,51
Graham Stanwick,Tiburon Pen Chmbr Commrce Inc,73 Hawkstone St,Dunbartonshire,G52 4YG,gstanwick@gmail.com,http://www.tiburonpenchmbrcommrceinc.co.uk,"01860-191930,01409-786106",42
Elinore Fulda,Agri Business Insurance Agency,123 Sussex St,Greater Manchester,BL1 6PY,elinore.fulda@fulda.co.uk,,01457-837447,38
Lisbeth Creecy,"Gerstenfeld, Gerald F Esq",484 Barry St,County Durham,DH4 7RG,lcreecy@gmail.com,,01931-620849,40
Eloisa Faurote,"Mcdonald, Michael J Esq",7033 Micawber St,Norfolk,NR20 5NQ,eloisa.faurote@hotmail.com,,01337-695353,42
,Best Western Riverview Inn,33 Vipond St,Hertfordshire,HP2 7JP,shawana@yahoo.com,,01413-348876,21
Alyssa Ansbro,"Berg, Michael D Esq",85 Hero St,County Durham,DL13 2TZ,alyssa_ansbro@gmail.com,http://www.bergmichaeldesq.co.uk,01632-887825,25
,Nature Conservancy,77 Reading St #8,Devon,EX20 2TR,kyoko_mcmillian@gmail.com,http://www.natureconservancy.co.uk,01235-173362,29
,"Walker, Susan S Esq",274 Altcar Ave,North Yorkshire,DL10 7NU,tgauthier@yahoo.com,,01555-550015,24
,Alternative Collection Svc Inc,38 Avondale Rd #79,Somerset,BA3 5SJ,sena.langenbach@hotmail.com,,"01756-678490,01836-695245",37
Cristen Nesset,"Johnson, Matthew E Esq",4679 Curzon St,Lancashire,BB5 0SJ,cnesset@nesset.co.uk,,"01354-864473,01994-347546",46
,"Thornsjo, Dale O Esq",13 Nelson Rd,Bristol,BS4 1HT,lashawn.ker@gmail.com,,01676-780022,46
,Manhattan Supply Co Deer Pk,2546 Hunter St,Aberdeenshire,AB53 6YD,wade@hotmail.com,,01712-978062,38
,Clifford Standifer & Mcdowell,77 Mason St #650,Greater Manchester,OL16 3AW,whitney@gmail.com,,01224-605237,54
Deja Conatser,Universal Case Co,94 Wakefield St,Suffolk,CO10 9PU,deja.conatser@hotmail.com,,01378-234592,42
,A O J Mfg Corp,529 Stalmine Rd #3680,Essex,CB11 4DJ,earnestine_casper@hotmail.com,,"01807-346103,01260-744622",23
Frankie Marruffo,Paralegal Personnel,52 Morningside Rd #1,Neath Port Talbot,SA8 3HE,fmarruffo@gmail.com,http://www.paralegalpersonnel.co.uk,01295-678319,50
Paola Dease,Sunderland Publishing Co,94 Enid St,Kent,CT7 9BG,pdease@gmail.com,,01333-642646,42
,"Godfroy, William Esq",661 Great Crosshall St,City of Edinburgh,EH5 2LR,rodrigo@hotmail.com,http://www.godfroywilliamesq.co.uk,01936-611490,45
,Crossroads Travel Service Inc,227 Albert Terrace,Greater London,DA17 6EF,luther@gmail.com,,01536-639256,42
Casey Dondero,Sarrail Lynch & Hall,464 Back Nile St #618,Greater London,W3 6QJ,casey.dondero@hotmail.com,,01728-100333,42
Ressie Bontemps,Typesetters,42 Eastwood St,Cambridgeshire,PE4 6HB,ressie_bontemps@bontemps.co.uk,http://www.typesetters.co.uk,"01996-854517,01616-608138",23
,Cooper Electric Supply Co,2877 Grain St,Berkshire,RG4 5DE,sean.schurman@schurman.co.uk,,01773-139510,42
,Mcallister & Murphy Pc,13 Stockdale St #779,Oxfordshire,OX14 5QH,cpince@pince.co.uk,,01763-475078,51
Maira Karas,"Blanton, Mary R Attorney",9 Cropper St,West Sussex,RH10 1YJ,maira.karas@yahoo.com,http://www.blantonmaryrattorney.co.uk,01582-839217,32
,Upper Deck Co,3 Gaskell St,Tyne and Wear,NE30 2NB,bbarbone@barbone.co.uk,,01210-926114,44
Wei Nobel,Victory Coating,5221 Royston St,Staffordshire,ST21 6GA,wei_nobel@hotmail.com,,01912-146880,21
Melissia Slotemaker,Twining Nemia & Steflik,83 St Johns Lane #43,West Lothian,EH49 7LS,mslotemaker@gmail.com,,01515-360513,33
Letha Akey,Jeanettes Drapery & Upholstery,603 Pall Mall,Lancashire,FY3 8ND,letha_akey@akey.co.uk,,01694-424205,-
,"Prugh, Pamela J Cpa",76 Dawber St #6,Greater London,SE3 7JY,isaac.semrad@semrad.co.uk,,"01939-738818,01798-503274",59
Kristine Klipfel,"Neeley, Gregory W Esq",3380 Alexander St,Essex,CM1 9QQ,kristine.klipfel@yahoo.com,http://www.neeleygregorywesq.co.uk,"01710-435506,01396-935784",28
Odette Moussette,Village Business Center,216 Lissant St #8,Essex,CM6 1DQ,odette_moussette@gmail.com,,01712-248851,31
Hobert Panfilov,"Carlin, Angela G Esq",92 Phythian St #614,Cornwall,TR11 5RR,hobert@gmail.com,http://www.carlinangelagesq.co.uk,01245-353227,36
,Fan Shop,792 Queens Rd,Greater Manchester,M32 8LR,isadora.mchughes@mchughes.co.uk,http://www.fanshop.co.uk,"01526-145485,01338-403471",59
,Mccartney Printing Services,5196 York St,Essex,SS17 8NS,emily.pogorelc@yahoo.com,,01416-913482,54
,Greater Cinc Schl Empl Crdt Un,428 Kearsley St,Warwickshire,CV35 7UA,desire@gmail.com,http://www.greatercincschlemplcrdtun.co.uk,01819-701096,21
Rosalind Stamps,"Haar, Allen F",8 Chestnut St,Lancashire,BB9 6EW,rosalind.stamps@stamps.co.uk,,01918-999052,29
Vernell Connley,Harmons,998 Roe St #6,Northumberland,NE48 2BX,vernell@hotmail.com,http://www.harmons.co.uk,01954-363885,52
,Mail Boxes Etc,3 Copenhagen Rd,Aberdeenshire,AB25 3UZ,micheline.mathieson@yahoo.com,,01857-518738,22
,Grt Amercn Fed Svngs & Ln Assn,293 Vivian St,Tyne and Wear,NE2 1EY,nathan.outhouse@gmail.com,http://www.grtamercnfedsvngslnassn.co.uk,01555-702650,-1
Allene Burau,Allied Plastics,8 Barlow St #6,Derbyshire,S18 7TH,allene.burau@hotmail.com,,01731-825958,31
Julie Sakshaug,Newton Clerk,5 Shakspeare St #66,Hereford and Worcester,B61 8HD,julie@gmail.com,,01225-180983,56
Francisca Shuhi,"Thompson, Chesney Md",7 Carolina St,Cornwall,PL31 1QF,fshuhi@shuhi.co.uk,,01345-878334,31
Marisha Wilcoxon,Young Door Company,52 Trowbridge St,Greater London,SW1X 9HB,marisha.wilcoxon@gmail.com,,01257-461104,37
Telma Maraia,Reliable Yard Service,25 Village St,Moray,IV30 1SB,telma@maraia.co.uk,,01500-649863,46
,M D & W Railway,4 Peach St #5112,Kent,TN14 7EF,luke.crete@crete.co.uk,http://www.mdwrailway.co.uk,01375-820236,25
Hubert Mias,Chuckmaster Co,3614 Old Hall St #604,Hampshire,SO45 2PT,hubert.mias@gmail.com,,"01408-965643,01857-225719",42
Janella Altobell,"Shannon, Paul V Esq",3768 Hey Green Rd,Warwickshire,CV10 0TH,jaltobell@hotmail.com,,01746-505364,40
Angelo Lavista,Computemp,97 Newlands St,Merseyside,L6 9DU,angelo.lavista@gmail.com,,01544-247601,51
Tran Mandiola,N Rockland Educl Fed Crdt Un,6226 Maitland St,West Midlands,B70 6DR,tran.mandiola@hotmail.com,http://www.nrocklandeduclfedcrdtun.co.uk,01609-235350,59
Reynalda Vanhooser,A All In One Construction,891 Crocus St,West Midlands,B65 8EZ,reynalda@vanhooser.co.uk,,01951-872658,46
Salley Rieger,Barnett Industries Inc,1 Segrave St,West Midlands,B75 6HJ,salley.rieger@gmail.com,,01858-162078,36
Cheryll Yurich,Blaineco Structural Movers,666 Moor Place,Kent,ME15 8ST,cheryll_yurich@yurich.co.uk,,01780-380120,36
Crista Viengxay,Green Point Savings Bank,1554 Christopher St,Merseyside,L6 1BG,crista@yahoo.com,,01976-784016,36
,Sherpa Corp,55 Margaret Rd,"Yorkshire, West",BD9 4DA,lino.sutulovich@gmail.com,,01316-590173,52
Galen Wendorf,"Russell, Amelia Mosley Esq",8830 Antonio St,Kent,ME7 1DZ,galen.wendorf@wendorf.co.uk,http://www.russellameliamosleyesq.co.uk,01220-653456,32
Gilbert Langarica,Inter American Press Assn,82 Sinclair St,Gwynedd,LL57 1DW,gilbert.langarica@gmail.com,,"01455-565046,01432-324277",26
Whitney Goossen,Eagle Newspapers,7568 Atlas St,Lincolnshire,PE22 0HY,whitney.goossen@hotmail.com,,01255-383731,33
Socorro Abrahams,Martin Morrissey,93 Clyde Rd #9,Lancashire,PR1 6TN,socorro_abrahams@abrahams.co.uk,http://www.martinmorrissey.co.uk,01311-567052,20
Mauricio Flam,"Callender, William C Esq",18 Nimrod St,Cumbria,LA14 3SJ,mflam@gmail.com,,"01640-813748,01829-160968",24
,"Duffield, Michael C",6 Cannock St,West Yorkshire,LS14 3BW,paloi@hotmail.com,http://www.duffieldmichaelc.co.uk,01490-898175,23
Gilberto Erixon,Advanced Data Systems,2258 Benedict St,Cornwall,TR10 8RP,gerixon@gmail.com,,"01582-161403,01749-718702",50
Thad Puskarich,"Drubner, Norman S Esq",9302 Ismay St #6,Kent,TN30 6JP,thad_puskarich@puskarich.co.uk,http://www.drubnernormansesq.co.uk,01506-152661,48
,Desktop Center,3347 Lawrence Rd #456,Greater London,NW5 4EU,bambi.favaron@yahoo.com,,01676-354943,47
,Viking Lodge,47 Elwy St,West Dunbart,G81 6RT,marshall@hotmail.com,,"01913-454226,01738-622885",38
,"Rosenkrance, Brent",553 Picton Rd,Greater Manchester,M29 7AA,cwiederin@yahoo.com,,"01274-659801,01411-236922",48
Eileen Montecalvo,Holiday House Apts,9986 Cantsfield St,Tyne and Wear,SR6 9SD,eileen@yahoo.com,,01904-227024,26
Melita Szpak,Or Draymen & Warehousemans,1 Sussex St,Merthyr Tydfil,CF48 1AR,melita.szpak@szpak.co.uk,,01431-484822,56
Ashley Jessie,"Haney, Tom C Md",9548 Ogwen St #84,Greater Manchester,M23 9GB,ashley_jessie@jessie.co.uk,,"01740-739731,01598-368995",40
,Burlington Co Library,57 St Georges Hill,Tyne and Wear,NE40 4LJ,lfend@gmail.com,http://www.burlingtoncolibrary.co.uk,01550-206220,57
Bobbie Guillereault,Geneva Woods Professional Ctr,385 Upper Hampton St #39,South Yorkshire,S5 8LL,bguillereault@gmail.com,http://www.genevawoodsprofessionalctr.co.uk,01496-781616,26
,Chile Pepper Magazine,6378 Lyell St #48,Stirling,FK21 8TJ,dpaluszynski@paluszynski.co.uk,http://www.chilepeppermagazine.co.uk,"01847-224345,01907-198323",39
Freida Newyear,"Flash, Elena Salerno Esq",675 Falstaff St #170,Derbyshire,SK23 0QG,freida_newyear@yahoo.com,,"01773-691786,01890-803440",47
,Owensboro Brick & Tile,87 Pelops St,West Midlands,B38 8PL,vcellucci@yahoo.com,,01387-155607,39
Horace Knapp,Mouw & Celello Pc,5 Eyes St,Dumfries and Galloway,DG4 6LF,horace.knapp@yahoo.com,,01924-556297,37
Joana Reinecke,Visiting Nur Assn Ctrl Jersey,2427 Olney St #7,Buckinghamshire,HP6 6JH,jreinecke@reinecke.co.uk,http://www.visitingnurassnctrljersey.co.uk,01320-402522,26
,C C Industries,805 Westbank Rd,Greater Manchester,OL10 2DU,tiara_schlichter@schlichter.co.uk,,01270-562265,35
,Nelson & Paulson Chartered,36 Cranmer St #4697,Shropshire,SY8 4LE,dacia.swaisgood@swaisgood.co.uk,,01984-926059,29
Myong Babineaux,Capital Thrpy & Spts Medcn Inc,2 Kirkdale Rd,Greater London,E16 4NF,mbabineaux@babineaux.co.uk,http://www.capitalthrpysptsmedcninc.co.uk,01897-419567,32
,Sun Toledo Refinery Co,4687 Atherton St,West Midlands,B11 4HB,gene_bleile@bleile.co.uk,,01257-354396,47
Kanisha Difiora,"Mata, Mario A Esq",513 Bailey St,Gwynedd,LL54 7UP,kanisha@gmail.com,,"01770-697837,01426-535429",45
Ayesha Moeder,Meredith Paving Corp,620 Old Leeds St,Cornwall,PL11 3DF,ayesha@gmail.com,http://www.meredithpavingcorp.co.uk,01284-871485,44
,Philosophical Rsrch Scty Bkstr,5149 Maria Rd,County Durham,SR8 5RL,lanie.smalarz@yahoo.com,,"01218-415062,01279-431606",34
Jaleesa Polintan,New Jersey Tanning Co Inc,8 Taylor St,Essex,CO2 9LW,jpolintan@polintan.co.uk,,01507-519053,58
Tamekia Flotow,All County Inc,588 Venmore St,Greater London,TW1 2QH,tamekia.flotow@hotmail.com,,"01794-317624,01958-330790",23
Ula Otey,Mail Boxes Etc,1 Newby St,Warwickshire,B46 3LZ,ula@hotmail.com,,01291-565542,33
,Elmark Graphics Inc,5588 Lake St #903,Greater London,SE19 2TJ,rratel@yahoo.com,http://www.elmarkgraphicsinc.co.uk,01404-343160,24
Timmy Lintner,Interdependence Associates Inc,9112 Hardwick St,County Durham,DL12 9JB,tlintner@hotmail.com,http://www.interdependenceassociatesinc.co.uk,01651-232745,33
,Mmm Design Group,2395 Gloucester Pl,Greater Manchester,BL1 6DS,zita_speltz@yahoo.com,,01368-497445,58
Aleisha Lemm,Pathe Cmptr Cntrl Systems Corp,341 Birchfield St,Dorset,BH16 6JJ,aleisha.lemm@gmail.com,http://www.pathecmptrcntrlsystemscorp.co.uk,01341-997268,34
Naomi Lavezzo,Torrefazione Italia Inc,9854 Ranelagh Place,Northamptonshire,NN9 5EN,naomi.lavezzo@yahoo.com,http://www.torrefazioneitaliainc.co.uk,01469-888112,56
Aretha Bowling,"Sawyer, Robert M Esq",8 Nova Scotia,Caerphilly,CF83 3AF,aretha@hotmail.com,,01816-462521,39
Mila Figuera,U S Sapporo A Inc,72 Lime Place,Suffolk,IP14 4HG,mila_figuera@yahoo.com,,01300-650262,47
Orville Zuehl,"Teti, Louis N Esq",907 Denman St,North Lincolnshire,DN17 4EN,orville_zuehl@zuehl.co.uk,,01998-694754,38
Gabriele Geschke,Levy Security Consultants Ltd,5 Garfield St #9,Kent,ME10 2EJ,gabriele@geschke.co.uk,,01404-425588,30
Kara Jaquish,El Adobe Inn,345 Feltwell Rd,Northamptonshire,NN15 6BB,kara@yahoo.com,http://www.eladobeinn.co.uk,01691-316298,50
,Mcmahan Mcmahan & Brinkley,1 Towson St,Fife,KY14 6AH,kenny@lin.co.uk,,01753-900033,58
Vashti Sugai,Accurate Engraving Co,4 Candia St #6,Warwickshire,CV36 4HE,vashti@gmail.com,,"01311-723137,01528-551210",30
,Shirleys Print Shoppe,2 Cherry Lane,Kent,ME2 2NJ,jordan_handsaker@gmail.com,,"01793-443665,01964-984369",51
Carisa Degenhardt,Schwend Signs,7 Britannia Ave #875,Lancashire,PR4 3RQ,carisa.degenhardt@degenhardt.co.uk,,01911-775929,30
Audrie Danaher,K C Products Co,63 Brunswick Sq,Carmarthenshire,SA15 5YN,adanaher@yahoo.com,http://www.kcproductsco.co.uk,01344-670413,48
Shaunna Rodamis,Engelbrecht Ackerman & Hassman,5 Gainsborough Rd,Greater London,SE1 6EH,shaunna.rodamis@yahoo.com,,01658-509610,51
Coleen Langer,Valley Prodn Ctr For Vid & Aud,745 Goodall St #9309,Shropshire,TF13 6HB,coleen.langer@hotmail.com,,01956-525612,37
Katie Choinski,Coastal Technologies,1267 Alderson Rd,Gloucestershire,GL3 2BA,katie@choinski.co.uk,,"01606-772920,01762-227896",49
Dannie Brau,Goodfellow Agency,2 Gay St #3702,Cambridgeshire,PE7 2QA,dbrau@brau.co.uk,,"01675-779811,01380-595884",30
Ashanti Donn,Denticator,3409 Benns Gardens,East Sussex,TN38 9NE,adonn@yahoo.com,,"01352-599278,01721-697548",23
Madalyn Dubberly,L & M Industrial Chemicals Inc,1 Lower Burlington St,Kent,DA11 8RN,madalyn.dubberly@gmail.com,,"01974-720949,01910-745476",23
Santos Signore,"Gallagher, John J Esq",4706 Chapel Place #5993,West Sussex,BN44 3DF,santos@gmail.com,,01614-431131,37
,"Sadowski, Jeffrey A",4 Mather St,West Midlands,CV6 4BN,alyce@yahoo.com,,01361-927368,56
Pearly Ero,Rug Gallery,9960 Gilroy Rd,Greater London,N12 9JT,pero@hotmail.com,,01329-374051,25
Cherrie Nitschke,"Watson, Richard I Md",3 Burnall St,West Yorkshire,BD20 6DA,cherrie_nitschke@yahoo.com,,"01373-498883,01955-289452",38
Maia Shadd,Pigeon Falls State Bank,8 Bigham Rd,Kent,CT14 9QJ,maia_shadd@gmail.com,,"01950-708083,01295-412046",48
Edwin Logghe,Joseph Victor & Son Inc,950 Gordon St,Derbyshire,DE75 7FZ,edwin_logghe@hotmail.com,http://www.josephvictorsoninc.co.uk,01366-667615,28
Leigha Semenza,Unique Epoxy,784 Juno St #7653,West Sussex,RH12 4GW,lsemenza@yahoo.com,,01406-216625,48
,Jim Dunnam Builder Inc,69 Chantrey St #90,Norfolk,NR12 0YB,walker.seeger@yahoo.com,,01245-616596,-1
,Richard Mulholland Prop Inc,4 Northbrook St #600,Greater London,N18 2NF,nakita_rodrigues@gmail.com,http://www.richardmulhollandpropinc.co.uk,"01679-150583,01607-496390",52
Kattie Ozane,"Page, Patricia A Esq",526 Liffey St #759,Wiltshire,BA13 3QU,kozane@gmail.com,,01322-491007,43
Lamar Suite,T J Boyle & Associates,6301 Dorset Rd,Greater London,UB9 6LF,lsuite@yahoo.com,,"01716-613102,01885-144424",41
,Charles S Cavadini Cic,4 Summer Seat Bootle,Brighton and Hove,BN2 4TL,juliana.uken@yahoo.com,http://www.charlesscavadinicic.co.uk,"01962-844141,01981-109913",27
Chan Loftin,Hydrick Law Offices,84 Walton Village,Bristol,BS7 0AX,chan@gmail.com,,01507-583669,38
,Bilar Tool & Die Inc,8 Tagus St #9814,Cumbria,CA25 5EF,delpha.detamore@yahoo.com,,01322-480025,54
,Sheplers Western Wear,770 Jamaica St,Conwy,LL34 6BH,floyd_tivis@hotmail.com,,01882-970809,20
Chantell Besong,"Kelly, Mark C",11 Tetlow St,Greater London,SW6 4QP,chantell_besong@gmail.com,http://www.kellymarkc.co.uk,01607-329400,50
Martin Fonua,Aviation Insurance Inc,7642 Ledward St,Merseyside,L19 0LN,mfonua@yahoo.com,,01919-185409,39
Hyun Erdman,"Hall, Ronald A",1432 Rutland Ave,East Sussex,TN22 9EF,hyun@gmail.com,,01594-744010,48
Nada Arey,Advanced Engineering Assocs,22 Harewood St #95,Staffordshire,ST17 0RU,nada@hotmail.com,,01576-627827,46
Elizabeth Pata,"Hirsch, Henry L Esq",645 Lister Drive,Northumberland,NE66 2LQ,elizabeth@gmail.com,,01634-662999,37
Dominic Washmuth,"Bremer, Duncan S Esq",8977 Old Leeds St #87,Dorset,DT8 3DR,dwashmuth@hotmail.com,http://www.bremerduncansesq.co.uk,01725-615270,32
Alise Packebush,Wnc Forklift Inc,22 Delamore St,Hereford and Worcester,HR1 2EA,alise.packebush@gmail.com,http://www.wncforkliftinc.co.uk,01266-695304,45
Flo Bardsley,"Hancock, John J Esq",35 Walton Lane,Leicestershire,LE11 4PF,flo.bardsley@hotmail.com,,01983-847833,25
Bonita Sandblom,Transbay Steel Corp,22 Kilshaw St,Greater London,SW19 7DT,bsandblom@gmail.com,,01989-617161,43
Royal Rush,"Severt, Todd D Esq",1 Argyle St,Greater Manchester,SK14 5AR,royal.rush@yahoo.com,,01934-427282,23
,Active Air Systems,3 Garden Lane,South Yorkshire,S75 5JY,erasmo.talentino@hotmail.com,,01492-454455,45
Mari Smeby,A B E Doors & Windows,4309 Chisenhale St,Hereford and Worcester,DY14 9XQ,msmeby@gmail.com,,01423-202676,45
Eleonora Ventry,"Jackson, Donald M Esq",758 Woodhouse St,West Midlands,B21 0UE,eleonora@gmail.com,,"01966-685595,01762-396161",23
,Wuhf Fox 31,18 Ouse St,Buckinghamshire,HP11 2PJ,tshiraki@gmail.com,,01611-691262,50
,Gulf Atlantic Equipment Co Inc,5 Ruskin St,North Ayrshire,KA11 2BP,rodolfo_scavuzzo@yahoo.com,,01576-536794,36
Cruz Fanelli,"Graham, John A Esq",4565 Blackstock St,Stoke-on-Trent,ST4 5BW,cruz@hotmail.com,http://www.grahamjohnaesq.co.uk,01710-616480,51
Arlyne Dellinger,"Holzgrafe, Roger E Esq",8361 Cottenham St,Hampshire,SO45 1QQ,arlyne.dellinger@yahoo.com,,01907-958462,21
,Kaysers Nutrition Center,1267 Audley St,Northamptonshire,NN15 5DB,edward_strejan@gmail.com,,01242-422459,27
Christoper Sheneman,"Jones, Brigham P Esq",845 Atherton St,Kent,TN16 2AR,christoper@gmail.com,,"01455-958797,01732-922087",39
,Proctor & Associates Co,150 Margaret Rd,Kent,ME19 4DT,melda.colamarino@colamarino.co.uk,http://www.proctorassociatesco.co.uk,01879-572287,27
,"Bork, Terry D Esq",9923 Dinorben St #4838,Greater London,NW11 8DY,margot.peay@yahoo.com,,01925-895879,33
,Diamond Cbnts Div Wht Cons Ind,186 Craven St #68,Shropshire,SY4 2JX,gdrozdenko@yahoo.com,,01593-647422,46
,Trico Prods Corp,5160 High St #38,Brighton and Hove,BN3 6EA,tomoko@renno.co.uk,,01731-573285,
Mendy Wassmann,"Ruello, Joseph F",3833 Sidney Rd,Merseyside,L32 3XS,mendy.wassmann@wassmann.co.uk,,01378-845450,47
Daryl Hilcher,Petaluma Area Chamber Commrce,6267 Greenland St,West Yorkshire,WF1 4LW,dhilcher@hotmail.com,,01391-238570,24
,Barnett Travel,14 Landseer Rd,Dumfries and Galloway,DG1 9SY,tfeeback@gmail.com,,01964-503521,27